sentiment_label,volume,avg_length,avg_words,completeness
Negative,1261,77.40364789849326,14.073750991276764,100.0
Neutral,1362,59.19236417033774,10.27165932452276,100.0
Positive,2377,81.84686579722339,14.501051745898192,100.0
