sentiment_label,volume,avg_length,avg_words,completeness
Negative,373,75.79356568364611,14.093833780160859,100.0
Neutral,3566,71.27650028042625,12.576836791923725,100.0
Positive,1061,85.13949104618284,15.174363807728557,100.0
